<?xml version="1.0" encoding="utf-8" ?>
<dwsync>
<file name="shortcut.js" server="67.220.185.18" local="131215227011965800" remote="131674704600000000" Dst="0" />
<file name="dataTables.tableTools.min.js" server="67.220.185.18" local="131214348728131331" remote="131674704600000000" Dst="0" />
<file name="dataTables.tableTools.js" server="67.220.185.18" local="131214226709017650" remote="131674704600000000" Dst="0" />
<file name="jquery.dataTables.min.js" server="cov.emmaggi.com//" local="130440192280000000" remote="131975946000000000" Dst="0" />
<file name="all.js" server="cov.emmaggi.com//" local="130440192280000000" remote="131975946600000000" Dst="0" />
<file name="datepicker.js" server="cov.emmaggi.com//" local="128874765780000000" remote="131975946600000000" Dst="0" />
<file name="autocomplete-master.zip" server="cov.emmaggi.com//" local="131218740925038035" remote="131975947800000000" Dst="0" />
<file name="autocomplete_textbox_jquery_php_myql.zip" server="cov.emmaggi.com//" local="131218688040128123" remote="131975947800000000" Dst="0" />
<file name="bootstrap-select.min.js" server="cov.emmaggi.com//" local="130440192280000000" remote="131975947800000000" Dst="0" />
<file name="bootstrap-datatables.js" server="cov.emmaggi.com//" local="130440192280000000" remote="131975947800000000" Dst="0" />
<file name="bootstrap-datepicker.js" server="cov.emmaggi.com//" local="130440192280000000" remote="131975947800000000" Dst="0" />
<file name="common.js" server="cov.emmaggi.com//" local="130440192280000000" remote="131975947800000000" Dst="0" />
<file name="bootstrap.min.js" server="cov.emmaggi.com//" local="130965937180000000" remote="131975947800000000" Dst="0" />
<file name="dataTables.tableTools.js" server="cov.emmaggi.com//" local="131214226709017650" remote="131975947800000000" Dst="0" />
<file name="imagePreview.js" server="cov.emmaggi.com//" local="130440192280000000" remote="131975947800000000" Dst="0" />
<file name="dataTables.tableTools.min.js" server="cov.emmaggi.com//" local="131214348728131331" remote="131975947800000000" Dst="0" />
<file name="jquery-1.9.1.min.js" server="cov.emmaggi.com//" local="131218762891943386" remote="131975947800000000" Dst="0" />
<file name="jquery-ui.custom.min.js" server="cov.emmaggi.com//" local="130440192280000000" remote="131975947800000000" Dst="0" />
<file name="jquery-1.10.2.js" server="cov.emmaggi.com//" local="131218674365320581" remote="131975947800000000" Dst="0" />
<file name="jquery.clicktoggle.js" server="cov.emmaggi.com//" local="130440192280000000" remote="131975947800000000" Dst="0" />
<file name="jquery.flot.min.js" server="cov.emmaggi.com//" local="130440192280000000" remote="131975947800000000" Dst="0" />
<file name="jquery-ui.min.js" server="cov.emmaggi.com//" local="131218762668750766" remote="131975947800000000" Dst="0" />
<file name="jquery.flot.pie.min.js" server="cov.emmaggi.com//" local="130440192280000000" remote="131975947800000000" Dst="0" />
<file name="jquery.flot.time.min.js" server="cov.emmaggi.com//" local="130440192280000000" remote="131975947800000000" Dst="0" />
<file name="jquery.form.js" server="cov.emmaggi.com//" local="130440192280000000" remote="131975947800000000" Dst="0" />
<file name="jquery.gritter.min.js" server="cov.emmaggi.com//" local="130440192280000000" remote="131975947800000000" Dst="0" />
<file name="jquery-ui.js" server="cov.emmaggi.com//" local="131218674300606874" remote="131975947800000000" Dst="0" />
<file name="jquery.imagerollover.js" server="cov.emmaggi.com//" local="130440192280000000" remote="131975947800000000" Dst="0" />
<file name="jquery.interface.js" server="cov.emmaggi.com//" local="130440192280000000" remote="131975947800000000" Dst="0" />
<file name="jquery.jpanelmenu.min.js" server="cov.emmaggi.com//" local="130440192280000000" remote="131975947800000000" Dst="0" />
<file name="jquery.loadmask.min.js" server="cov.emmaggi.com//" local="130440192280000000" remote="131975947800000000" Dst="0" />
<file name="jquery.peity.min.js" server="cov.emmaggi.com//" local="130440192280000000" remote="131975947800000000" Dst="0" />
<file name="jquery.tablesorter.min.js" server="cov.emmaggi.com//" local="130440192280000000" remote="131975947800000000" Dst="0" />
<file name="jquery.min.js" server="cov.emmaggi.com//" local="130440192280000000" remote="131975947800000000" Dst="0" />
<file name="jquery.tokeninput.js" server="cov.emmaggi.com//" local="130440192280000000" remote="131975948400000000" Dst="0" />
<file name="jquery.validate.js" server="cov.emmaggi.com//" local="130440192280000000" remote="131975948400000000" Dst="0" />
<file name="manage_tables.js" server="cov.emmaggi.com//" local="130440192280000000" remote="131975948400000000" Dst="0" />
<file name="shortcut.js" server="cov.emmaggi.com//" local="131215227011965800" remote="131975948400000000" Dst="0" />
<file name="unicorn.js" server="cov.emmaggi.com//" local="130440192280000000" remote="131975948400000000" Dst="0" />
<file name="select2.min.js" server="cov.emmaggi.com//" local="130440192280000000" remote="131975948400000000" Dst="0" />
<file name="unicorn.login.js" server="cov.emmaggi.com//" local="130440192280000000" remote="131975948400000000" Dst="0" />
<file name="one-page.1.3.6.zip" server="cov.emmaggi.com//" local="131219097827184061" remote="131975948400000000" Dst="0" />
<file name="amcharts.js.download" server="C:/wamp/www/OneDrive/chapel_victory_sagamu/" local="132006091520633851" remote="132006091520000000" Dst="0" />
<file name="serial.js.download" server="C:/wamp/www/OneDrive/chapel_victory_sagamu/" local="132006091521555757" remote="132006091520000000" Dst="0" />
<file name="canvasjs.min.js.download" server="C:/wamp/www/OneDrive/chapel_victory_sagamu/" local="132006091521115749" remote="132006091520000000" Dst="0" />
</dwsync>